date,protocol,tvl_millions,daily_volume,users_count,transactions
2025-04-05 20:39:39.188896,Uniswap,4154.660655133239,351.2139769026419,1686042,607652
2025-04-06 20:39:39.188896,Uniswap,4170.65902453993,580.3437376577078,1403600,223728
2025-04-07 20:39:39.188896,Uniswap,3397.3771285065886,362.96653738153515,923665,566016
2025-04-08 20:39:39.188896,Uniswap,3862.8961209123527,233.82034975588672,1868618,394921
2025-04-09 20:39:39.188896,Uniswap,3952.380009221246,346.82788025710926,406820,234376
2025-04-10 20:39:39.188896,Uniswap,4019.2055496947187,306.5753451010924,1517700,377750
2025-04-11 20:39:39.188896,Uniswap,4085.864990965967,269.6965509772215,1224052,420058
2025-04-12 20:39:39.188896,Uniswap,4152.256103314484,574.5862074471596,2073629,665854
2025-04-13 20:39:39.188896,Uniswap,3934.2199099352497,577.9805056554485,1328573,581833
2025-04-14 20:39:39.188896,Uniswap,4322.434764569633,514.9292151032064,715260,641063
2025-04-15 20:39:39.188896,Uniswap,4235.229644502336,299.1600047505431,1707154,246420
2025-04-16 20:39:39.188896,Uniswap,4655.0194371521575,681.8481883540932,1873478,715946
2025-04-17 20:39:39.188896,Uniswap,4261.847496723121,537.2406688349048,1815482,811315
2025-04-18 20:39:39.188896,Uniswap,4030.8240424354417,353.3699126991749,1541191,384899
2025-04-19 20:39:39.188896,Uniswap,4553.896739622698,594.4289506947131,1399876,816181
2025-04-20 20:39:39.188896,Uniswap,4288.462604716364,301.14861470907005,790073,284178
2025-04-21 20:39:39.188896,Uniswap,4409.0308420202955,656.8246520680239,1887889,408844
2025-04-22 20:39:39.188896,Uniswap,4106.442622236478,447.1885284486756,1178062,703572
2025-04-23 20:39:39.188896,Uniswap,4778.578539238449,340.1356162526498,1562270,493467
2025-04-24 20:39:39.188896,Uniswap,4420.008562811514,344.03302092821656,1598321,577892
2025-04-25 20:39:39.188896,Uniswap,4256.5251041100655,541.1078181536506,2077650,833179
2025-04-26 20:39:39.188896,Uniswap,4628.233756276932,601.6833406983396,1469673,846364
2025-04-27 20:39:39.188896,Uniswap,4378.570584955743,395.54764412013196,1156213,561082
2025-04-28 20:39:39.188896,Uniswap,4782.242547902753,268.9706877701652,1582568,642781
2025-04-29 20:39:39.188896,Uniswap,4619.409845693035,661.922448879803,2032240,618582
2025-04-30 20:39:39.188896,Uniswap,4638.777833911842,442.2079214008061,1674685,414520
2025-05-01 20:39:39.188896,Uniswap,4671.033374700485,523.8935471363191,2010129,426276
2025-05-02 20:39:39.188896,Uniswap,4495.41253485153,227.26926843161598,2224245,738502
2025-05-03 20:39:39.188896,Uniswap,4560.074411732904,667.8677652046645,851793,273697
2025-05-04 20:39:39.188896,Uniswap,4754.095846321855,607.4666986672681,1863129,517253
2025-05-05 20:39:39.188896,Uniswap,4539.163992139991,232.4079292388884,2261473,518617
2025-05-06 20:39:39.188896,Uniswap,4450.6545376553395,283.51258610243525,1785227,694055
2025-05-07 20:39:39.188896,Uniswap,4587.881840705546,537.7858795804407,1307684,764034
2025-05-08 20:39:39.188896,Uniswap,4489.644826596834,528.6656863805135,1682830,769513
2025-05-09 20:39:39.188896,Uniswap,4787.138218599169,664.6803523913858,1250280,592911
2025-05-10 20:39:39.188896,Uniswap,4423.605549427824,326.4007843182044,1068682,389170
2025-05-11 20:39:39.188896,Uniswap,4663.738793747622,668.0817910764983,496681,306972
2025-05-12 20:39:39.188896,Uniswap,4916.072738806178,709.5306493767439,651312,259433
2025-05-13 20:39:39.188896,Uniswap,4817.154088015883,374.6927480766711,1067263,338473
2025-05-14 20:39:39.188896,Uniswap,4552.475764583947,534.053014616955,2086152,755697
2025-05-15 20:39:39.188896,Uniswap,4681.310244198469,529.6473958793733,1789704,352362
2025-05-16 20:39:39.188896,Uniswap,5159.154268539067,705.6284501733896,1097780,958362
2025-05-17 20:39:39.188896,Uniswap,4773.502073371369,465.354309273705,2006646,730262
2025-05-18 20:39:39.188896,Uniswap,4869.811619664865,723.650049746944,1752444,832378
2025-05-19 20:39:39.188896,Uniswap,4867.24892781333,504.22229956481146,1553664,392794
2025-05-20 20:39:39.188896,Uniswap,5153.223486427371,372.7138469057368,1481418,735684
2025-05-21 20:39:39.188896,Uniswap,4539.250809037111,648.1080701476907,578419,842983
2025-05-22 20:39:39.188896,Uniswap,4799.9594453544505,658.3026561610508,1755943,737337
2025-05-23 20:39:39.188896,Uniswap,4741.2556314232315,267.0530631009211,2046538,316430
2025-05-24 20:39:39.188896,Uniswap,4713.475289482109,388.40383512822865,1787820,934189
2025-05-25 20:39:39.188896,Uniswap,4984.322525311176,446.5600957978014,1014861,381963
2025-05-26 20:39:39.188896,Uniswap,4980.072412497399,631.934357567229,1972841,522113
2025-05-27 20:39:39.188896,Uniswap,4682.587832398037,445.12242042825676,1668872,743694
2025-05-28 20:39:39.188896,Uniswap,4402.98247763608,550.7858470656141,1654311,749471
2025-05-29 20:39:39.188896,Uniswap,4762.939571987702,682.4385367316513,1847510,286209
2025-05-30 20:39:39.188896,Uniswap,4785.627056076092,361.546088700982,1807167,753406
2025-05-31 20:39:39.188896,Uniswap,4720.251591200751,555.3775742887418,1230654,307391
2025-06-01 20:39:39.188896,Uniswap,4537.004748874059,239.5364600690809,1350449,337039
2025-06-02 20:39:39.188896,Uniswap,5073.49732824366,379.41673364246117,2437445,729601
2025-06-03 20:39:39.188896,Uniswap,4700.391601617422,239.531355784043,578023,847284
2025-06-04 20:39:39.188896,Uniswap,4709.508236745924,532.5563721535356,1240095,870527
2025-06-05 20:39:39.188896,Uniswap,4745.703540780865,605.6874644938958,1443929,282941
2025-06-06 20:39:39.188896,Uniswap,5008.700144473954,496.02979820942363,629158,398471
2025-06-07 20:39:39.188896,Uniswap,4888.559312963779,610.9334266799895,1108021,765768
2025-06-08 20:39:39.188896,Uniswap,4705.595875847381,669.1411162638631,1154765,239224
2025-06-09 20:39:39.188896,Uniswap,4905.793516389053,381.8113144808134,1351027,794238
2025-06-10 20:39:39.188896,Uniswap,4778.662858293816,459.8155741718971,906396,349464
2025-06-11 20:39:39.188896,Uniswap,4915.815401736068,259.4181085704798,2397402,488893
2025-06-12 20:39:39.188896,Uniswap,4536.42440642869,464.0456445694583,1197361,885092
2025-06-13 20:39:39.188896,Uniswap,4791.931849461644,683.7845414133128,1340899,840259
2025-06-14 20:39:39.188896,Uniswap,4867.491079242717,698.9636521670961,985538,725027
2025-06-15 20:39:39.188896,Uniswap,4889.278655280003,284.12091728258855,1974465,291220
2025-06-16 20:39:39.188896,Uniswap,4877.601124162585,451.33156088183307,738965,638586
2025-06-17 20:39:39.188896,Uniswap,4771.507036418177,522.4245010911048,1964287,940806
2025-06-18 20:39:39.188896,Uniswap,4825.966559511112,396.7941384539376,1191997,310276
2025-06-19 20:39:39.188896,Uniswap,5206.575344394116,364.36029176013255,1152352,686413
2025-06-20 20:39:39.188896,Uniswap,4642.734237346617,595.9203974193748,2166692,552457
2025-06-21 20:39:39.188896,Uniswap,4881.307607863881,398.9271153005728,612657,557249
2025-06-22 20:39:39.188896,Uniswap,4868.80530161374,318.26144144467963,2015646,713838
2025-06-23 20:39:39.188896,Uniswap,4831.606683414648,664.1414938516767,639971,680577
2025-06-24 20:39:39.188896,Uniswap,4781.463491829109,283.826560197514,1500420,589779
2025-06-25 20:39:39.188896,Uniswap,4720.9781045650325,519.0087333339109,665726,570737
2025-06-26 20:39:39.188896,Uniswap,4881.905439696452,398.4316067682698,2036064,838815
2025-06-27 20:39:39.188896,Uniswap,4846.293344885556,285.3276823334388,2231801,864970
2025-06-28 20:39:39.188896,Uniswap,5191.114481737517,759.0713208359545,713606,418835
2025-06-29 20:39:39.188896,Uniswap,4660.726210855206,629.9715977372713,925596,797136
2025-06-30 20:39:39.188896,Uniswap,4862.78615979075,616.0653153519216,1524842,414807
2025-07-01 20:39:39.188896,Uniswap,4848.646526111426,693.5314812612474,800041,841149
2025-07-02 20:39:39.188896,Uniswap,4819.72505277863,472.49516080394585,1482319,612412
2025-07-03 20:39:39.188896,Uniswap,4940.539715883616,266.4435374682208,686426,649629
2025-07-04 20:39:39.188896,Uniswap,4595.840853954581,427.2469038651334,797138,654248
2025-07-05 20:39:39.188896,Uniswap,4863.867103488285,418.3536511030006,1842342,542029
2025-07-06 20:39:39.188896,Uniswap,4927.250917638425,576.0983786283416,2313248,648441
2025-07-07 20:39:39.188896,Uniswap,4904.054972048415,523.8130551262163,1881860,342743
2025-07-08 20:39:39.188896,Uniswap,4587.067772440679,572.7998526283808,1244699,822760
2025-07-09 20:39:39.188896,Uniswap,4558.804141112735,683.4820212506569,2069764,337445
2025-07-10 20:39:39.188896,Uniswap,4235.1341981517635,264.8931894306113,1881216,528420
2025-07-11 20:39:39.188896,Uniswap,4697.933402041106,367.9766050958641,2319717,775264
2025-07-12 20:39:39.188896,Uniswap,4770.966498822646,703.4452692746991,599801,930343
2025-07-13 20:39:39.188896,Uniswap,4663.521712891982,635.2237284658116,631779,699830
2025-07-14 20:39:39.188896,Uniswap,4802.3928358918365,311.03729369332393,2345729,483463
2025-07-15 20:39:39.188896,Uniswap,5074.290714902727,393.2903572423275,1717211,458499
2025-07-16 20:39:39.188896,Uniswap,4709.190916589194,655.8271326428695,1999180,509487
2025-07-17 20:39:39.188896,Uniswap,4927.730497119504,528.6267985503653,2039473,382168
2025-07-18 20:39:39.188896,Uniswap,4435.832365664211,601.1660750191367,502202,316220
2025-07-19 20:39:39.188896,Uniswap,4265.120444798664,573.906075028377,1931511,375238
2025-07-20 20:39:39.188896,Uniswap,4660.8706364270265,689.2016048254526,926683,650701
2025-07-21 20:39:39.188896,Uniswap,4343.9339137323805,440.5607122860559,1116134,291416
2025-07-22 20:39:39.188896,Uniswap,4824.471056175029,588.0330655370313,1100280,854938
2025-07-23 20:39:39.188896,Uniswap,4922.407006214792,381.3942514561656,2194186,315004
2025-07-24 20:39:39.188896,Uniswap,4803.674962913313,289.486563479365,1754746,526617
2025-07-25 20:39:39.188896,Uniswap,4449.1069310181765,419.7326710827156,2164297,512367
2025-07-26 20:39:39.188896,Uniswap,4656.536939474977,306.66090215199694,748415,862282
2025-07-27 20:39:39.188896,Uniswap,4697.677793569984,501.12103453143243,2310703,356524
2025-07-28 20:39:39.188896,Uniswap,4724.032158957898,504.83752189063705,2271659,692192
2025-07-29 20:39:39.188896,Uniswap,4866.038218733382,401.66685059166207,1046173,601106
2025-07-30 20:39:39.188896,Uniswap,4470.413298756095,612.3909247467968,926282,329058
2025-07-31 20:39:39.188896,Uniswap,4659.8039838204995,540.0152857168291,2241815,514537
2025-08-01 20:39:39.188896,Uniswap,4541.086390203196,270.8805801638066,1120907,680241
2025-08-02 20:39:39.188896,Uniswap,4346.880984179712,300.8758448783879,656290,463387
2025-08-03 20:39:39.188896,Uniswap,4702.286038861972,678.8845152090107,578454,344169
2025-08-04 20:39:39.188896,Uniswap,4864.597413175925,328.02682018620226,1139655,467294
2025-08-05 20:39:39.188896,Uniswap,5053.547364834071,606.0218952118397,2120027,734842
2025-08-06 20:39:39.188896,Uniswap,4445.47655738005,332.9896013584171,545829,416617
2025-08-07 20:39:39.188896,Uniswap,4900.833961319628,258.39971370205063,2291411,733479
2025-08-08 20:39:39.188896,Uniswap,4792.9677708915,247.27566400912144,638077,733678
2025-08-09 20:39:39.188896,Uniswap,4570.085202005531,651.587364826202,1559797,715599
2025-08-10 20:39:39.188896,Uniswap,4482.143609031996,429.92041752065285,1397450,727933
2025-08-11 20:39:39.188896,Uniswap,4717.8946848927235,457.2445830425394,1191587,940289
2025-08-12 20:39:39.188896,Uniswap,4754.735942600249,635.0048719726991,507900,301527
2025-08-13 20:39:39.188896,Uniswap,4479.687252732487,671.6546754281014,681924,883092
2025-08-14 20:39:39.188896,Uniswap,4559.111914982132,411.60467369402363,1563347,265098
2025-08-15 20:39:39.188896,Uniswap,4648.386361364273,572.6670979014851,727176,681177
2025-08-16 20:39:39.188896,Uniswap,4646.259574809828,662.1471946623243,1058969,374012
2025-08-17 20:39:39.188896,Uniswap,4739.959450864852,303.3121739474654,1569695,712438
2025-08-18 20:39:39.188896,Uniswap,4569.077660202303,608.5960774374552,1214946,774280
2025-08-19 20:39:39.188896,Uniswap,4630.782543404811,457.86007135688277,2299265,802748
2025-08-20 20:39:39.188896,Uniswap,4752.155948287422,570.8029578014184,1044906,887923
2025-08-21 20:39:39.188896,Uniswap,4727.042691625511,672.8356332847305,2012955,386585
2025-08-22 20:39:39.188896,Uniswap,4750.5254064286455,687.0849400593386,1663580,938618
2025-08-23 20:39:39.188896,Uniswap,4411.01897895175,537.0079229621326,969633,738132
2025-08-24 20:39:39.188896,Uniswap,4806.13423244223,305.8949382817006,2266974,587670
2025-08-25 20:39:39.188896,Uniswap,4647.532782244065,325.00425890529533,1913842,633420
2025-08-26 20:39:39.188896,Uniswap,4814.212602304993,440.7843961020081,1152550,617455
2025-08-27 20:39:39.188896,Uniswap,4921.994087269825,520.4968111772947,1909624,851876
2025-08-28 20:39:39.188896,Uniswap,4940.6705120864,419.2368408555436,1183454,443259
2025-08-29 20:39:39.188896,Uniswap,4558.287589743447,344.5669147943057,886489,496885
2025-08-30 20:39:39.188896,Uniswap,4991.704177901564,699.4273633106184,544822,772383
2025-08-31 20:39:39.188896,Uniswap,4913.795684922965,530.584660677872,1422417,710120
2025-09-01 20:39:39.188896,Uniswap,4396.082193281302,294.1540146515233,1625722,574861
2025-09-02 20:39:39.188896,Uniswap,4874.660601904167,373.5924048436836,1431359,861476
2025-09-03 20:39:39.188896,Uniswap,4832.0814595186785,446.21519095540015,1185782,783264
2025-09-04 20:39:39.188896,Uniswap,4741.7443532862235,255.10579497671645,1390901,832691
2025-09-05 20:39:39.188896,Uniswap,4853.096515058914,277.50438232917224,1709209,277356
2025-09-06 20:39:39.188896,Uniswap,5318.072856264061,790.3556675634967,1391682,598068
2025-09-07 20:39:39.188896,Uniswap,4734.471955682141,703.1548442782987,2147858,280886
2025-09-08 20:39:39.188896,Uniswap,5099.5305730505615,719.6039160651056,2032863,1013509
2025-09-09 20:39:39.188896,Uniswap,4746.071839830729,550.076053354075,994646,761433
2025-09-10 20:39:39.188896,Uniswap,5074.069643193954,420.6857855082882,521834,496931
2025-09-11 20:39:39.188896,Uniswap,4899.473736976611,503.3415762465176,857040,268727
2025-09-12 20:39:39.188896,Uniswap,5188.879192149092,489.32009192205265,2336819,688130
2025-09-13 20:39:39.188896,Uniswap,5129.646213611841,416.01985164868,1033979,765833
2025-09-14 20:39:39.188896,Uniswap,4718.731478389587,334.51200961916476,1983007,642551
2025-09-15 20:39:39.188896,Uniswap,5362.337474151501,445.5057947463718,1000384,297159
2025-09-16 20:39:39.188896,Uniswap,4927.735248843153,606.9991320806125,1022181,622403
2025-09-17 20:39:39.188896,Uniswap,5002.719569318167,669.4056035181206,2052178,550828
2025-09-18 20:39:39.188896,Uniswap,5075.45277808564,567.4996274365838,2124087,341540
2025-09-19 20:39:39.188896,Uniswap,5204.470998683261,365.49296447483306,1749647,1033262
2025-09-20 20:39:39.188896,Uniswap,5147.947286472736,703.9970165744058,530942,330906
2025-09-21 20:39:39.188896,Uniswap,5113.195890458203,379.75936094186267,907161,548696
2025-09-22 20:39:39.188896,Uniswap,4976.537062373956,650.5751864558183,2383653,650266
2025-09-23 20:39:39.188896,Uniswap,5032.493057074726,658.5687175395503,1280787,896723
2025-09-24 20:39:39.188896,Uniswap,5104.5297744203335,518.6406758490182,2434536,374837
2025-09-25 20:39:39.188896,Uniswap,5358.680415455687,400.39968302732217,2121812,442396
2025-09-26 20:39:39.188896,Uniswap,5057.85677350314,260.374693878315,511448,371703
2025-09-27 20:39:39.188896,Uniswap,5010.556352878655,628.6137492493336,1613919,834225
2025-09-28 20:39:39.188896,Uniswap,5121.475812040038,386.0491880239324,980101,499612
2025-09-29 20:39:39.188896,Uniswap,5171.323318896111,461.97774167959534,2216538,260060
2025-09-30 20:39:39.188896,Uniswap,5559.837488359673,363.70712633453917,1710328,340859
2025-10-01 20:39:39.188896,Uniswap,5421.574414545303,363.71440574506096,2689253,329169
2025-04-05 20:39:39.188896,Aave,5575.693203752074,742.5581617969106,1201848,1034751
2025-04-06 20:39:39.188896,Aave,5567.180518373482,391.085070510966,1822507,940421
2025-04-07 20:39:39.188896,Aave,6572.654493604366,629.4469396410802,1687093,572816
2025-04-08 20:39:39.188896,Aave,6127.699738104899,454.61211058906963,2876628,938346
2025-04-09 20:39:39.188896,Aave,6187.360389811827,399.4411139923505,915381,625115
2025-04-10 20:39:39.188896,Aave,6417.349194772517,511.1584316788267,860888,1174333
2025-04-11 20:39:39.188896,Aave,5459.168374810576,381.49043258113306,2239609,820351
2025-04-12 20:39:39.188896,Aave,6474.52905368593,819.7882563848879,979514,1152631
2025-04-13 20:39:39.188896,Aave,6270.935388951576,359.2741526033496,2029433,424274
2025-04-14 20:39:39.188896,Aave,6309.582328382726,601.7665277953,753298,828816
2025-04-15 20:39:39.188896,Aave,6034.173711618498,736.4922352653831,2130397,526286
2025-04-16 20:39:39.188896,Aave,6745.226322228866,418.6006575623598,2614511,339505
2025-04-17 20:39:39.188896,Aave,5720.6806784766695,718.2896659023619,681285,463171
2025-04-18 20:39:39.188896,Aave,6848.656704874799,583.9134548922334,1524432,816710
2025-04-19 20:39:39.188896,Aave,6828.218274903128,540.1779892658108,3104822,853144
2025-04-20 20:39:39.188896,Aave,6592.698101009683,439.70536421507825,1311348,981538
2025-04-21 20:39:39.188896,Aave,6254.158769799619,607.6349956596679,2847286,956497
2025-04-22 20:39:39.188896,Aave,6376.615057000032,814.4307765253151,957863,1194044
2025-04-23 20:39:39.188896,Aave,7052.241247976557,403.99299282012214,2927243,554754
2025-04-24 20:39:39.188896,Aave,6299.764630387305,428.0966349076698,2466571,929883
2025-04-25 20:39:39.188896,Aave,6839.218121280508,967.4930886543323,836533,651534
2025-04-26 20:39:39.188896,Aave,6451.306689499547,944.10652614021,2196054,732446
2025-04-27 20:39:39.188896,Aave,6997.9151620068005,886.654497751517,1060913,364539
2025-04-28 20:39:39.188896,Aave,6967.124344667231,806.2009876980018,1465145,458215
2025-04-29 20:39:39.188896,Aave,6121.03909456749,764.1486167518581,1520259,765522
2025-04-30 20:39:39.188896,Aave,6730.28835203486,941.4751690598678,2368554,1235497
2025-05-01 20:39:39.188896,Aave,6525.443128071501,740.6649075899738,1043423,648405
2025-05-02 20:39:39.188896,Aave,5959.107369235564,383.6584139971434,1369283,694510
2025-05-03 20:39:39.188896,Aave,6686.489875932105,966.9135876913166,2649390,476832
2025-05-04 20:39:39.188896,Aave,6667.2896250149015,451.4086624434098,1773825,1213414
2025-05-05 20:39:39.188896,Aave,7105.715708383403,550.4047087805903,1451561,1372644
2025-05-06 20:39:39.188896,Aave,5919.857352556111,589.9110438041665,1083706,448703
2025-05-07 20:39:39.188896,Aave,7215.504754548451,975.6918638789585,3452809,1343082
2025-05-08 20:39:39.188896,Aave,7420.852606416461,594.3937310670789,1965396,853347
2025-05-09 20:39:39.188896,Aave,7448.3978351295555,487.18375079982854,2412019,1093714
2025-05-10 20:39:39.188896,Aave,6759.48653764824,657.7562360740777,2981264,1130608
2025-05-11 20:39:39.188896,Aave,6512.143345377497,809.6043699883753,951935,1057316
2025-05-12 20:39:39.188896,Aave,7043.962697549982,503.9267515040002,3368653,1200399
2025-05-13 20:39:39.188896,Aave,7014.522215363811,916.8899459558805,1001143,1159558
2025-05-14 20:39:39.188896,Aave,7209.1397531845905,505.3108756815628,928761,905199
2025-05-15 20:39:39.188896,Aave,7130.647969027773,858.1143221443203,1268786,535734
2025-05-16 20:39:39.188896,Aave,7480.737037731741,880.6109673539987,2451606,1122970
2025-05-17 20:39:39.188896,Aave,7014.336694574253,446.3394498458988,1539623,518657
2025-05-18 20:39:39.188896,Aave,6661.444009433739,801.1871640280261,1294987,1235724
2025-05-19 20:39:39.188896,Aave,6677.623875625021,436.98444374253035,1165995,467176
2025-05-20 20:39:39.188896,Aave,6788.945150586859,859.9670697629751,2555370,1125075
2025-05-21 20:39:39.188896,Aave,7478.575189654603,734.1771366540818,1449138,1077259
2025-05-22 20:39:39.188896,Aave,7462.450051080899,670.5702874694914,2343997,742273
2025-05-23 20:39:39.188896,Aave,6836.872309935135,572.8366298392237,2018664,1330307
2025-05-24 20:39:39.188896,Aave,7039.420312816817,568.4813987929656,1861256,951791
2025-05-25 20:39:39.188896,Aave,7201.755241649022,592.7647776632565,2267023,1023301
2025-05-26 20:39:39.188896,Aave,7132.261996641762,366.46219174618784,731245,623143
2025-05-27 20:39:39.188896,Aave,7384.275426091865,534.1139200670015,3077535,542325
2025-05-28 20:39:39.188896,Aave,7390.883877839836,1108.440352229127,1833239,548837
2025-05-29 20:39:39.188896,Aave,7344.060965698411,685.618537144591,3463065,1284534
2025-05-30 20:39:39.188896,Aave,7089.690308656678,928.3338074179029,2342799,613484
2025-05-31 20:39:39.188896,Aave,6862.569607791398,515.3941396356695,1186448,364449
2025-06-01 20:39:39.188896,Aave,7734.458596315432,683.1343881417922,3101673,1149870
2025-06-02 20:39:39.188896,Aave,7738.943622835426,684.36079281108,1437375,527998
2025-06-03 20:39:39.188896,Aave,6776.066646611671,779.7958304285614,2003202,391286
2025-06-04 20:39:39.188896,Aave,7546.54943172682,599.1867112805566,2980426,995424
2025-06-05 20:39:39.188896,Aave,6665.743969019352,604.8808415074895,885515,946442
2025-06-06 20:39:39.188896,Aave,7304.47458907843,374.1582316482128,1958208,1416941
2025-06-07 20:39:39.188896,Aave,7399.129571950302,1036.8555272173828,1735891,1338434
2025-06-08 20:39:39.188896,Aave,7485.3382436886895,567.3548623756985,2642924,396582
2025-06-09 20:39:39.188896,Aave,7075.202291640245,968.3243562048788,3403994,627868
2025-06-10 20:39:39.188896,Aave,7472.809039657331,1079.7565817089383,897054,1373031
2025-06-11 20:39:39.188896,Aave,6939.1821876539325,770.7145754984588,727840,715922
2025-06-12 20:39:39.188896,Aave,7011.995229843939,864.2726619474633,1707656,406173
2025-06-13 20:39:39.188896,Aave,7221.573417885532,886.7148437356577,3280614,683437
2025-06-14 20:39:39.188896,Aave,7019.176649602988,432.4463941553736,3086401,574337
2025-06-15 20:39:39.188896,Aave,7203.755602899916,770.3482586830314,2054645,996782
2025-06-16 20:39:39.188896,Aave,7558.051047895239,678.9959620535852,2432496,474550
2025-06-17 20:39:39.188896,Aave,7745.851326580901,1147.6483580244944,1848983,1105679
2025-06-18 20:39:39.188896,Aave,7042.669534550909,612.5236880307333,813169,1011765
2025-06-19 20:39:39.188896,Aave,7079.441774518872,985.0845502338899,1700871,882807
2025-06-20 20:39:39.188896,Aave,7868.384065552545,525.4105982212665,1083760,1519490
2025-06-21 20:39:39.188896,Aave,6918.663774740254,852.3606833619486,1552642,914271
2025-06-22 20:39:39.188896,Aave,7930.804364885905,630.5841626081476,2288983,1443523
2025-06-23 20:39:39.188896,Aave,7463.348846625073,551.5402981718339,3003033,877463
2025-06-24 20:39:39.188896,Aave,7559.203510823067,1009.1554283786805,2223037,596017
2025-06-25 20:39:39.188896,Aave,6942.228849338881,477.8026571328862,1561947,679457
2025-06-26 20:39:39.188896,Aave,7821.719555214222,1000.7851425838246,1754179,842959
2025-06-27 20:39:39.188896,Aave,7120.348266695102,922.8713224833949,2276146,586418
2025-06-28 20:39:39.188896,Aave,7275.016382286551,626.7317085291805,871072,744867
2025-06-29 20:39:39.188896,Aave,7270.4732519425215,758.5288176439122,956522,1231886
2025-06-30 20:39:39.188896,Aave,7785.765506495422,932.9694740454141,2160100,1130595
2025-07-01 20:39:39.188896,Aave,6684.555087995324,849.1488077636027,2959383,902816
2025-07-02 20:39:39.188896,Aave,7036.416628151486,544.0337993376937,1142077,505790
2025-07-03 20:39:39.188896,Aave,6688.485310718853,440.7988427020849,1494230,1265451
2025-07-04 20:39:39.188896,Aave,7243.762992755642,853.6149713121724,2989005,663165
2025-07-05 20:39:39.188896,Aave,6997.679958712704,954.9541306952333,2516715,996498
2025-07-06 20:39:39.188896,Aave,7216.695449068734,791.6751958947601,2239020,1221684
2025-07-07 20:39:39.188896,Aave,7830.521193187922,765.2828512780093,1704835,527782
2025-07-08 20:39:39.188896,Aave,6713.268333141115,789.1646523691231,1513076,480673
2025-07-09 20:39:39.188896,Aave,6960.522744922019,734.4552071306703,1789070,756552
2025-07-10 20:39:39.188896,Aave,7183.788965506152,817.5619515045975,2934992,471941
2025-07-11 20:39:39.188896,Aave,7341.1146703829345,690.6300912689555,3381060,1172764
2025-07-12 20:39:39.188896,Aave,7019.374710326385,609.4124242924387,1539373,680399
2025-07-13 20:39:39.188896,Aave,7179.209436328058,782.5337266315416,2638686,780034
2025-07-14 20:39:39.188896,Aave,6743.0761718377435,400.826303161478,2449894,998130
2025-07-15 20:39:39.188896,Aave,7233.740289695665,951.966848998974,1750829,446516
2025-07-16 20:39:39.188896,Aave,6786.224133415687,374.4981707091928,3019141,679922
2025-07-17 20:39:39.188896,Aave,6588.026757519793,360.00496195045383,796030,734872
2025-07-18 20:39:39.188896,Aave,7617.897852277665,767.1380806693002,1283098,802259
2025-07-19 20:39:39.188896,Aave,7431.780355903964,882.1838970170336,3567993,1162443
2025-07-20 20:39:39.188896,Aave,7250.483576062132,899.7375527223056,1396799,939511
2025-07-21 20:39:39.188896,Aave,7080.768228456498,944.9952122387516,1205904,1190123
2025-07-22 20:39:39.188896,Aave,7123.454331912445,930.2791402404265,2131887,1402764
2025-07-23 20:39:39.188896,Aave,6909.388139180999,1015.8459401010108,2051945,424924
2025-07-24 20:39:39.188896,Aave,7140.301259666211,504.88165417302497,2721886,560243
2025-07-25 20:39:39.188896,Aave,7072.447033193411,367.36689592999016,1342119,563580
2025-07-26 20:39:39.188896,Aave,7147.134660446903,757.144278724262,3036408,1088955
2025-07-27 20:39:39.188896,Aave,6719.084029309109,953.3228991390163,1915457,338349
2025-07-28 20:39:39.188896,Aave,6739.199343381256,405.489433108705,2288159,930738
2025-07-29 20:39:39.188896,Aave,6589.16651876782,778.2877087327527,1670835,780124
2025-07-30 20:39:39.188896,Aave,7475.268429764291,623.9665670479719,2950657,1012879
2025-07-31 20:39:39.188896,Aave,7515.698386983289,705.913692493426,2901731,914688
2025-08-01 20:39:39.188896,Aave,7403.702772876927,471.47917886976643,2075316,740570
2025-08-02 20:39:39.188896,Aave,7465.794574603852,1072.3250180055327,3457657,522964
2025-08-03 20:39:39.188896,Aave,7046.438085718126,936.0379879216736,886115,929771
2025-08-04 20:39:39.188896,Aave,6930.788952221589,911.2817531895671,1899113,388403
2025-08-05 20:39:39.188896,Aave,7267.926276889589,382.22496203662143,3285555,1060787
2025-08-06 20:39:39.188896,Aave,6660.935462927251,893.2924955912517,1758029,1153264
2025-08-07 20:39:39.188896,Aave,6952.231959875958,719.815043325646,850903,894022
2025-08-08 20:39:39.188896,Aave,6925.618820831011,696.6468311538528,1809364,1276445
2025-08-09 20:39:39.188896,Aave,6629.111446588927,666.9188864850636,2981499,478472
2025-08-10 20:39:39.188896,Aave,7280.061453379995,992.0095381918924,1399489,611890
2025-08-11 20:39:39.188896,Aave,7063.105568664931,802.7345765693271,2182654,1033643
2025-08-12 20:39:39.188896,Aave,6969.878614266733,659.2405890300503,918682,395378
2025-08-13 20:39:39.188896,Aave,6979.637872803821,487.30622282147755,2876433,620676
2025-08-14 20:39:39.188896,Aave,6692.6692754974965,369.88267525885544,2082471,640787
2025-08-15 20:39:39.188896,Aave,7254.358481879619,566.9198898191498,1804470,967121
2025-08-16 20:39:39.188896,Aave,6727.128083695448,957.0897450951386,1810263,605352
2025-08-17 20:39:39.188896,Aave,7146.096918881746,883.0038834710394,1712811,591806
2025-08-18 20:39:39.188896,Aave,7211.421061776866,411.16561104841253,1404841,424706
2025-08-19 20:39:39.188896,Aave,7245.53190680087,671.0131324673516,1693117,1019463
2025-08-20 20:39:39.188896,Aave,6853.981895496768,471.2043797095654,857866,346516
2025-08-21 20:39:39.188896,Aave,7061.189779691644,621.9285879741007,1130975,633752
2025-08-22 20:39:39.188896,Aave,6737.067922760903,405.4861913367865,970739,671398
2025-08-23 20:39:39.188896,Aave,7102.708253760085,447.0277455414123,2847890,1010262
2025-08-24 20:39:39.188896,Aave,6801.1024136840115,740.2183526907747,1906270,837053
2025-08-25 20:39:39.188896,Aave,7410.505354339879,644.2433664247534,3158997,651765
2025-08-26 20:39:39.188896,Aave,7106.7529889894495,380.28165817827926,1535781,1332099
2025-08-27 20:39:39.188896,Aave,7675.942170516789,1097.8602345426743,1692435,952470
2025-08-28 20:39:39.188896,Aave,7365.462272971224,797.9567063656874,3644069,1418961
2025-08-29 20:39:39.188896,Aave,6821.838961180921,588.4668680001953,3410847,1123358
2025-08-30 20:39:39.188896,Aave,7401.667233052757,916.0933475120307,3213526,1214573
2025-08-31 20:39:39.188896,Aave,7460.725000283557,938.2841677666034,1124138,455327
2025-09-01 20:39:39.188896,Aave,6776.287209021768,377.383316863688,2755507,901950
2025-09-02 20:39:39.188896,Aave,7490.389769534359,1116.185606392297,2986805,883097
2025-09-03 20:39:39.188896,Aave,7515.18355418891,587.2030210440714,3232059,637404
2025-09-04 20:39:39.188896,Aave,7356.958403071008,1013.2572245175012,3617649,1350228
2025-09-05 20:39:39.188896,Aave,6849.353172354821,511.0934606853218,2787665,838458
2025-09-06 20:39:39.188896,Aave,7632.526756071507,514.9080851242898,826819,454905
2025-09-07 20:39:39.188896,Aave,7448.7482260185425,878.7407870319195,1006171,1089976
2025-09-08 20:39:39.188896,Aave,6990.1414475768715,865.2117130674445,1813037,457266
2025-09-09 20:39:39.188896,Aave,6997.568152470882,677.5086217924378,952582,1087606
2025-09-10 20:39:39.188896,Aave,7907.212697135105,515.4934346595079,2711466,877915
2025-09-11 20:39:39.188896,Aave,7479.497319763051,608.8082380073538,1596405,825974
2025-09-12 20:39:39.188896,Aave,7340.2913460780155,429.12546018284206,977032,1211990
2025-09-13 20:39:39.188896,Aave,7206.255771819426,422.1869022295427,1759754,995009
2025-09-14 20:39:39.188896,Aave,8019.127565281254,1011.7286340637656,3913562,627823
2025-09-15 20:39:39.188896,Aave,7332.590180417614,605.2631539024327,1226455,1013922
2025-09-16 20:39:39.188896,Aave,7468.567179656906,998.4584617689432,2751271,830402
2025-09-17 20:39:39.188896,Aave,7153.933408125617,769.7679128858338,1346458,1173042
2025-09-18 20:39:39.188896,Aave,7226.867456480171,725.969135552347,2464491,1231528
2025-09-19 20:39:39.188896,Aave,7418.775035130805,585.2433276435365,1739663,719594
2025-09-20 20:39:39.188896,Aave,7699.952059429582,653.2450143220742,1616607,1359208
2025-09-21 20:39:39.188896,Aave,7560.409153839687,405.76328164016013,1548649,1101690
2025-09-22 20:39:39.188896,Aave,7561.663927169276,703.3238698855497,1981350,882213
2025-09-23 20:39:39.188896,Aave,7852.235085746255,1031.4688420601565,1537519,879517
2025-09-24 20:39:39.188896,Aave,7420.160313521218,841.6547522419279,1559561,762533
2025-09-25 20:39:39.188896,Aave,7768.802084193833,932.428417136581,2875175,1052428
2025-09-26 20:39:39.188896,Aave,8507.611098808018,1107.0861947191672,1408367,1480390
2025-09-27 20:39:39.188896,Aave,7958.43772635865,827.0989973430892,2242200,548168
2025-09-28 20:39:39.188896,Aave,7961.639006668616,1061.4846635662884,1770286,1116405
2025-09-29 20:39:39.188896,Aave,8899.982411157294,687.9717083673984,1554747,511400
2025-09-30 20:39:39.188896,Aave,8281.355432098117,527.530320072833,1654477,717001
2025-10-01 20:39:39.188896,Aave,7911.41036818374,764.8214862518458,1143839,691401
2025-04-05 20:39:39.188896,Compound,1923.937584865183,241.308424373574,849776,105211
2025-04-06 20:39:39.188896,Compound,1895.2201820292507,238.51735216613181,338889,349173
2025-04-07 20:39:39.188896,Compound,1982.6685330921694,253.10120743665075,888619,160216
2025-04-08 20:39:39.188896,Compound,1946.2696310515764,168.90451319035137,969224,379394
2025-04-09 20:39:39.188896,Compound,2158.815175087221,189.0464854132012,596487,147736
2025-04-10 20:39:39.188896,Compound,2020.375152439431,134.19372308962102,725100,328247
2025-04-11 20:39:39.188896,Compound,1950.148562615942,236.4049133328036,785376,118021
2025-04-12 20:39:39.188896,Compound,2119.272122808841,184.0875663896782,1043531,309800
2025-04-13 20:39:39.188896,Compound,2034.5268712733262,131.99582774765156,270673,331149
2025-04-14 20:39:39.188896,Compound,2129.076574542512,211.78493408609793,992662,387069
2025-04-15 20:39:39.188896,Compound,2175.0202366447443,295.3551585020637,664300,314470
2025-04-16 20:39:39.188896,Compound,1974.682017834387,202.84556702030525,706656,127009
2025-04-17 20:39:39.188896,Compound,2322.3604397623244,176.1174050070368,667922,125162
2025-04-18 20:39:39.188896,Compound,2103.568417985095,312.7398111268898,697498,301456
2025-04-19 20:39:39.188896,Compound,2074.199926553703,306.104862681568,681355,272395
2025-04-20 20:39:39.188896,Compound,2072.4244363856815,231.38170366932985,712208,381087
2025-04-21 20:39:39.188896,Compound,2262.169304034635,299.1789797859056,1026346,233886
2025-04-22 20:39:39.188896,Compound,2216.7557078644795,292.24167882691484,696602,338619
2025-04-23 20:39:39.188896,Compound,2238.5896902978598,269.1678559522223,563591,295826
2025-04-24 20:39:39.188896,Compound,2128.4516934219478,280.41149133183615,239843,274594
2025-04-25 20:39:39.188896,Compound,2333.1748901517876,126.80637931631752,300709,306252
2025-04-26 20:39:39.188896,Compound,2316.0549426131734,214.06103689955103,895925,250017
2025-04-27 20:39:39.188896,Compound,2108.5235443183456,303.9850944208538,1052847,124044
2025-04-28 20:39:39.188896,Compound,2099.559638684365,239.25398128444823,485191,415523
2025-04-29 20:39:39.188896,Compound,2181.7204987518744,180.9914304523579,283115,154815
2025-04-30 20:39:39.188896,Compound,2226.6070219647495,177.68063338142377,536704,236133
2025-05-01 20:39:39.188896,Compound,2210.694968934173,292.2955886098372,905284,391591
2025-05-02 20:39:39.188896,Compound,2144.1063888436984,216.1109950124499,662992,281116
2025-05-03 20:39:39.188896,Compound,2130.4260839064773,295.0255226732362,813537,180354
2025-05-04 20:39:39.188896,Compound,2349.038837530206,210.492592533721,528491,180532
2025-05-05 20:39:39.188896,Compound,2174.621622119629,173.17220645935737,241341,160500
2025-05-06 20:39:39.188896,Compound,2358.9748138700334,337.78287324979493,318491,210340
2025-05-07 20:39:39.188896,Compound,2492.3714109849093,139.96242093196938,1003950,438336
2025-05-08 20:39:39.188896,Compound,2177.5776383340785,190.00878486973644,987234,188269
2025-05-09 20:39:39.188896,Compound,2504.3574724833506,307.7997860599349,688866,472522
2025-05-10 20:39:39.188896,Compound,2525.673651973737,151.55285052390647,660340,267351
2025-05-11 20:39:39.188896,Compound,2428.041801400098,166.53950402303968,312765,475501
2025-05-12 20:39:39.188896,Compound,2480.2379469165635,287.33876849595805,799970,244341
2025-05-13 20:39:39.188896,Compound,2291.0506219551585,182.45364184493323,639048,160049
2025-05-14 20:39:39.188896,Compound,2309.445353957431,261.0684461650157,819483,142431
2025-05-15 20:39:39.188896,Compound,2447.105731052416,247.38388561071275,578916,147242
2025-05-16 20:39:39.188896,Compound,2365.3570929881575,339.55333084467077,635782,245340
2025-05-17 20:39:39.188896,Compound,2420.472532329869,161.44187653866337,732915,286969
2025-05-18 20:39:39.188896,Compound,2594.0765799124565,307.3548324000527,1105973,403870
2025-05-19 20:39:39.188896,Compound,2266.984143630235,177.38024607373845,1060438,191601
2025-05-20 20:39:39.188896,Compound,2547.1490141939007,251.96198194911324,991037,441078
2025-05-21 20:39:39.188896,Compound,2405.220095483668,347.8999737574015,1055634,138487
2025-05-22 20:39:39.188896,Compound,2596.8919828013977,245.0723701750649,648786,492050
2025-05-23 20:39:39.188896,Compound,2465.0588013738525,360.72731677700574,671915,253996
2025-05-24 20:39:39.188896,Compound,2383.4564737730925,217.5916587970033,975923,358641
2025-05-25 20:39:39.188896,Compound,2405.3087626492934,212.37940890130162,676117,413092
2025-05-26 20:39:39.188896,Compound,2437.344526432305,318.63663160914297,1140081,454969
2025-05-27 20:39:39.188896,Compound,2425.329869075736,195.0624023727411,609450,303021
2025-05-28 20:39:39.188896,Compound,2416.9647100523944,311.2551460104565,1111166,156981
2025-05-29 20:39:39.188896,Compound,2502.00119467813,231.45871243843294,771476,402948
2025-05-30 20:39:39.188896,Compound,2238.925651520565,257.5719010598489,446090,422193
2025-05-31 20:39:39.188896,Compound,2535.713539094626,211.34914717649633,700947,444943
2025-06-01 20:39:39.188896,Compound,2315.5447513567196,307.15909295882483,529087,119419
2025-06-02 20:39:39.188896,Compound,2388.529818427187,327.7350327145588,258366,384577
2025-06-03 20:39:39.188896,Compound,2380.6091413633185,267.9986957526291,451183,138125
2025-06-04 20:39:39.188896,Compound,2301.1798547463104,185.94931778918036,841162,252585
2025-06-05 20:39:39.188896,Compound,2372.424116134788,184.00201802702858,1039523,393393
2025-06-06 20:39:39.188896,Compound,2283.1776444568045,157.49046947119905,618352,269124
2025-06-07 20:39:39.188896,Compound,2400.3907428191337,220.77235487126586,309577,292482
2025-06-08 20:39:39.188896,Compound,2305.612657821523,272.3641586571561,342975,260216
2025-06-09 20:39:39.188896,Compound,2614.5920018502893,241.60340168038255,842643,412987
2025-06-10 20:39:39.188896,Compound,2354.2836434930305,179.32261273310326,544379,391378
2025-06-11 20:39:39.188896,Compound,2330.0374624902825,205.21474737707499,460423,308084
2025-06-12 20:39:39.188896,Compound,2377.425568529421,308.71652953775396,936261,421490
2025-06-13 20:39:39.188896,Compound,2396.8987291377966,288.7326557053398,487829,198765
2025-06-14 20:39:39.188896,Compound,2553.91796641729,376.10542865251733,1240695,353592
2025-06-15 20:39:39.188896,Compound,2274.8221156572554,223.3871169910963,823206,311807
2025-06-16 20:39:39.188896,Compound,2475.2710466021385,362.4539131174226,1199962,139926
2025-06-17 20:39:39.188896,Compound,2497.8015835589486,194.38609395935734,967618,371660
2025-06-18 20:39:39.188896,Compound,2441.7373839874303,166.57958103113876,772013,400494
2025-06-19 20:39:39.188896,Compound,2460.2517743046083,345.3226524153662,384570,430712
2025-06-20 20:39:39.188896,Compound,2458.0743743899893,142.59804173413656,899693,225334
2025-06-21 20:39:39.188896,Compound,2479.9862004902475,338.23250064143053,650761,433957
2025-06-22 20:39:39.188896,Compound,2375.3678769268345,354.83202226043284,1142054,124314
2025-06-23 20:39:39.188896,Compound,2423.2449378145243,129.82874958657146,948583,404193
2025-06-24 20:39:39.188896,Compound,2386.0475897087586,247.08256859949523,1164432,241385
2025-06-25 20:39:39.188896,Compound,2300.178716274493,315.8041495701482,393482,412411
2025-06-26 20:39:39.188896,Compound,2469.9120307091735,304.6243784857609,1152510,172276
2025-06-27 20:39:39.188896,Compound,2515.1124159013348,163.50753210973164,928358,245710
2025-06-28 20:39:39.188896,Compound,2465.908141272645,270.28747942524853,643505,151486
2025-06-29 20:39:39.188896,Compound,2411.0843614568275,198.26975919564475,301705,325214
2025-06-30 20:39:39.188896,Compound,2408.756085430947,277.60395285770187,485429,265367
2025-07-01 20:39:39.188896,Compound,2334.8026527498605,156.20582934483437,918659,158609
2025-07-02 20:39:39.188896,Compound,2277.1365260894486,147.36356195766095,957649,301336
2025-07-03 20:39:39.188896,Compound,2436.2977253086115,315.6854085176119,976614,434380
2025-07-04 20:39:39.188896,Compound,2465.823427754875,152.55940952644485,552342,355061
2025-07-05 20:39:39.188896,Compound,2413.5205984677555,279.88631987465465,1130171,140758
2025-07-06 20:39:39.188896,Compound,2283.69437878087,126.95675385267236,620750,288631
2025-07-07 20:39:39.188896,Compound,2604.421569354148,336.7296343045551,478746,219235
2025-07-08 20:39:39.188896,Compound,2313.553782524947,154.8630420155705,443399,420323
2025-07-09 20:39:39.188896,Compound,2358.505858060524,267.6020670392958,364862,280046
2025-07-10 20:39:39.188896,Compound,2445.235948677997,142.09521909711458,431238,264174
2025-07-11 20:39:39.188896,Compound,2362.606964151273,321.621194276415,434057,340115
2025-07-12 20:39:39.188896,Compound,2073.7929479948866,248.79360655536732,922128,178569
2025-07-13 20:39:39.188896,Compound,2608.105673583447,245.6649319610571,336623,467231
2025-07-14 20:39:39.188896,Compound,2375.0138511789073,186.59317885448084,260776,382566
2025-07-15 20:39:39.188896,Compound,2277.3031668767476,303.2765794754243,1124791,414951
2025-07-16 20:39:39.188896,Compound,2407.3135633850507,209.68662497335336,939040,268312
2025-07-17 20:39:39.188896,Compound,2383.1097444133666,284.47712402107646,914214,213376
2025-07-18 20:39:39.188896,Compound,2608.5551540032357,247.62603973679052,822090,283357
2025-07-19 20:39:39.188896,Compound,2352.7353883801793,273.83315897466355,703454,430732
2025-07-20 20:39:39.188896,Compound,2500.13169159871,330.9239352290525,681353,403388
2025-07-21 20:39:39.188896,Compound,2483.8818265139143,241.37516620964476,784635,298192
2025-07-22 20:39:39.188896,Compound,2209.5504860915185,229.58875912315418,1093586,371941
2025-07-23 20:39:39.188896,Compound,2451.422192494845,181.32507599070252,281724,229087
2025-07-24 20:39:39.188896,Compound,2292.121472882973,317.7193496813863,960741,325359
2025-07-25 20:39:39.188896,Compound,2203.9445901248355,324.23150525531736,482143,216747
2025-07-26 20:39:39.188896,Compound,2318.1340104627925,169.45973111946915,296508,297375
2025-07-27 20:39:39.188896,Compound,2308.938477597652,334.91567616959185,343940,246669
2025-07-28 20:39:39.188896,Compound,2258.361116909768,148.0009538150761,1068384,315464
2025-07-29 20:39:39.188896,Compound,2326.367409713459,252.701148363488,297805,271410
2025-07-30 20:39:39.188896,Compound,2309.580892921675,195.74961728684232,676449,216374
2025-07-31 20:39:39.188896,Compound,2355.1678413041263,268.2303396025281,786585,401245
2025-08-01 20:39:39.188896,Compound,2321.724163727852,147.5074271561089,408773,418230
2025-08-02 20:39:39.188896,Compound,2446.1570132657243,255.52125073407416,395794,266210
2025-08-03 20:39:39.188896,Compound,2242.805776262476,232.9400179033178,1112011,369832
2025-08-04 20:39:39.188896,Compound,2330.159866063654,159.8236171994409,553613,408033
2025-08-05 20:39:39.188896,Compound,2275.985572298593,310.640730784387,913348,245246
2025-08-06 20:39:39.188896,Compound,2308.9653423739082,256.0288390822663,940749,451680
2025-08-07 20:39:39.188896,Compound,2334.485897012665,195.45866342998235,778494,411615
2025-08-08 20:39:39.188896,Compound,2406.542812982703,254.80155385078942,1017817,163946
2025-08-09 20:39:39.188896,Compound,2245.003308799619,321.37496713348247,313992,133207
2025-08-10 20:39:39.188896,Compound,2312.1396920357597,335.47830537994196,850760,402828
2025-08-11 20:39:39.188896,Compound,2105.713584933856,218.6592968204646,477335,365609
2025-08-12 20:39:39.188896,Compound,2424.1087584316733,144.39436655316277,592297,368562
2025-08-13 20:39:39.188896,Compound,2269.9896582880483,236.09863861822828,403505,200559
2025-08-14 20:39:39.188896,Compound,2412.7359458507135,193.63145591855866,755661,294310
2025-08-15 20:39:39.188896,Compound,2223.547379754777,224.15979417775173,232246,332191
2025-08-16 20:39:39.188896,Compound,2416.7176147650807,207.36113074559904,529232,136419
2025-08-17 20:39:39.188896,Compound,2294.193426326373,185.16055813137487,877329,369206
2025-08-18 20:39:39.188896,Compound,2405.657864366195,331.0214111227172,1135510,411163
2025-08-19 20:39:39.188896,Compound,2513.573782341662,366.39771563646855,647302,273370
2025-08-20 20:39:39.188896,Compound,2296.801358731778,137.0582612679912,1090761,423767
2025-08-21 20:39:39.188896,Compound,2069.542338413994,121.30810904575405,208532,297825
2025-08-22 20:39:39.188896,Compound,2445.4131504767975,295.5924025895728,418729,469600
2025-08-23 20:39:39.188896,Compound,2373.0871676536326,283.13226633900763,806041,214947
2025-08-24 20:39:39.188896,Compound,2220.941413965016,119.33172439114387,688165,129862
2025-08-25 20:39:39.188896,Compound,2323.723586899558,318.78895898046244,489995,308854
2025-08-26 20:39:39.188896,Compound,2419.075725496844,237.50613103852314,794245,246961
2025-08-27 20:39:39.188896,Compound,2582.525919042078,295.339934949178,668187,362946
2025-08-28 20:39:39.188896,Compound,2439.1666000523496,279.37209571323075,1201449,275702
2025-08-29 20:39:39.188896,Compound,2293.8369102831793,149.9616549946719,263511,294365
2025-08-30 20:39:39.188896,Compound,2591.655476341185,240.155762015594,359718,482726
2025-08-31 20:39:39.188896,Compound,2250.3240422204244,248.60129540544347,520075,441952
2025-09-01 20:39:39.188896,Compound,2357.6806522425454,314.3145841438465,688662,319169
2025-09-02 20:39:39.188896,Compound,2358.1006155420832,142.6149871397147,505267,173927
2025-09-03 20:39:39.188896,Compound,2399.0682369583756,304.75713620932794,259675,214434
2025-09-04 20:39:39.188896,Compound,2239.7718167002536,189.17789453833672,964496,227834
2025-09-05 20:39:39.188896,Compound,2459.800417650801,197.2329280464249,1095054,159396
2025-09-06 20:39:39.188896,Compound,2433.47113044369,349.83663109280064,945582,378894
2025-09-07 20:39:39.188896,Compound,2450.841166491236,218.618547101978,819839,124934
2025-09-08 20:39:39.188896,Compound,2504.392742691484,331.53732763857494,261676,405792
2025-09-09 20:39:39.188896,Compound,2389.847923044679,198.91875849655497,1066096,389753
2025-09-10 20:39:39.188896,Compound,2527.7570756550926,154.94419714189578,948447,242480
2025-09-11 20:39:39.188896,Compound,2337.3554436442655,285.7598367254378,334110,159331
2025-09-12 20:39:39.188896,Compound,2456.102690097439,192.94935946280225,682216,174616
2025-09-13 20:39:39.188896,Compound,2614.95996382273,159.87535790831447,848658,204064
2025-09-14 20:39:39.188896,Compound,2298.302365582331,143.18679087271593,857136,152658
2025-09-15 20:39:39.188896,Compound,2456.07292524286,293.807181876381,958243,314806
2025-09-16 20:39:39.188896,Compound,2414.9594192749887,204.42312213031627,622947,282136
2025-09-17 20:39:39.188896,Compound,2485.1045515456285,359.55959187192724,1095722,331272
2025-09-18 20:39:39.188896,Compound,2519.8717022095293,244.2271352451353,437739,340987
2025-09-19 20:39:39.188896,Compound,2608.6299892169873,215.08796262080367,880710,214733
2025-09-20 20:39:39.188896,Compound,2609.8216021781195,230.3735968151501,515150,176150
2025-09-21 20:39:39.188896,Compound,2413.4448244101404,330.04909919147434,969154,170090
2025-09-22 20:39:39.188896,Compound,2588.511320602578,215.45708274940964,834022,140466
2025-09-23 20:39:39.188896,Compound,2549.1188850746485,377.73475857368226,823004,390275
2025-09-24 20:39:39.188896,Compound,2652.8565836543166,200.9267313501226,1138228,470866
2025-09-25 20:39:39.188896,Compound,2676.4015199863247,299.7414422898311,492867,349386
2025-09-26 20:39:39.188896,Compound,2786.909089053738,357.978506361764,870503,305710
2025-09-27 20:39:39.188896,Compound,2735.6109165872404,404.0997228074139,954163,367240
2025-09-28 20:39:39.188896,Compound,2684.1785734002024,248.67831912913388,454231,354533
2025-09-29 20:39:39.188896,Compound,2710.1674317816774,141.14861083396815,914344,469948
2025-09-30 20:39:39.188896,Compound,2580.1727890501766,326.815224082405,261329,368382
2025-10-01 20:39:39.188896,Compound,2595.283469931659,334.47528131893586,682263,369623
2025-04-05 20:39:39.188896,Curve,3288.3125479452783,478.68236481959065,1312498,209314
2025-04-06 20:39:39.188896,Curve,3777.0855891911765,229.07162199901325,759586,311149
2025-04-07 20:39:39.188896,Curve,3494.10805137469,342.1288778737052,1698090,601414
2025-04-08 20:39:39.188896,Curve,3216.6037419204436,217.01863522226105,866583,179258
2025-04-09 20:39:39.188896,Curve,3396.6988119014354,290.09899543693274,1511349,429476
2025-04-10 20:39:39.188896,Curve,3536.9193890528163,530.1938509263532,1531570,616622
2025-04-11 20:39:39.188896,Curve,3852.674485911447,292.51751001868115,1275124,320173
2025-04-12 20:39:39.188896,Curve,3883.9641637408863,343.38465445336294,1861063,392026
2025-04-13 20:39:39.188896,Curve,3394.488392801494,253.25579214155422,1418822,608731
2025-04-14 20:39:39.188896,Curve,3510.640396507352,361.86795752245524,1476322,284575
2025-04-15 20:39:39.188896,Curve,3813.4634405149304,415.53792857591077,1179729,206202
2025-04-16 20:39:39.188896,Curve,3757.386109966201,363.5540411555902,1631663,491347
2025-04-17 20:39:39.188896,Curve,3923.531369831348,569.8136484123668,1475652,567265
2025-04-18 20:39:39.188896,Curve,3588.45144679064,280.39996955900807,595116,436734
2025-04-19 20:39:39.188896,Curve,3890.3567716562857,460.7442863617973,586498,577529
2025-04-20 20:39:39.188896,Curve,3444.3551113974268,336.13195111279697,1653426,677972
2025-04-21 20:39:39.188896,Curve,3857.428266691379,558.3354196321288,1320037,210430
2025-04-22 20:39:39.188896,Curve,3837.2534905044204,298.6050497771661,1535716,513973
2025-04-23 20:39:39.188896,Curve,3764.103861881695,465.4300133159881,1018419,690411
2025-04-24 20:39:39.188896,Curve,3997.836880676898,361.8869497104882,940024,318863
2025-04-25 20:39:39.188896,Curve,3610.6084932702756,458.82016758640947,1273505,194335
2025-04-26 20:39:39.188896,Curve,3716.432522571623,478.20675400047287,1507600,462060
2025-04-27 20:39:39.188896,Curve,3637.7392276856,219.46753385912947,1699218,453837
2025-04-28 20:39:39.188896,Curve,3828.21315365343,279.312710692701,1653307,230046
2025-04-29 20:39:39.188896,Curve,3800.1492216010224,294.1709292904196,1636844,675209
2025-04-30 20:39:39.188896,Curve,3945.0374977984493,580.9280113935405,1539324,649655
2025-05-01 20:39:39.188896,Curve,3893.84289016569,433.20949416397923,1349548,443559
2025-05-02 20:39:39.188896,Curve,3798.1637176919294,348.08188857984413,780155,617632
2025-05-03 20:39:39.188896,Curve,4103.208373327775,525.6562835913786,1253555,604759
2025-05-04 20:39:39.188896,Curve,3928.607328958117,247.01690955515193,515821,520287
2025-05-05 20:39:39.188896,Curve,3871.817788740469,388.5143156227046,664497,421449
2025-05-06 20:39:39.188896,Curve,3918.1192660862507,269.9832279927504,1121438,625173
2025-05-07 20:39:39.188896,Curve,3919.5073733588056,212.37402621173962,1432728,602026
2025-05-08 20:39:39.188896,Curve,3678.791253845835,213.06528565326948,1572984,274409
2025-05-09 20:39:39.188896,Curve,4027.3306409515485,451.60872367027537,496466,763796
2025-05-10 20:39:39.188896,Curve,4113.3698245021815,581.470580306669,1291495,771330
2025-05-11 20:39:39.188896,Curve,3945.249731113668,329.8749644554579,670171,411329
2025-05-12 20:39:39.188896,Curve,4022.889165333281,558.1149535110465,1338870,491862
2025-05-13 20:39:39.188896,Curve,4038.4439289823395,426.42989700293623,416332,547030
2025-05-14 20:39:39.188896,Curve,4106.812821239526,436.6511411137535,1281274,538323
2025-05-15 20:39:39.188896,Curve,4058.4102260269415,289.86038896698784,2001679,793978
2025-05-16 20:39:39.188896,Curve,3945.8509279932205,515.4185188661639,1593447,355767
2025-05-17 20:39:39.188896,Curve,4013.141575672069,403.8591280439205,1564062,359526
2025-05-18 20:39:39.188896,Curve,4108.738985930091,268.6991488199315,612455,817731
2025-05-19 20:39:39.188896,Curve,4188.356968793487,358.41845786514745,599094,291401
2025-05-20 20:39:39.188896,Curve,4478.165224915449,450.54864670496005,1739481,246820
2025-05-21 20:39:39.188896,Curve,4249.668689431114,514.1946942492258,764666,307111
2025-05-22 20:39:39.188896,Curve,4111.09960444597,455.45940110362494,1459640,676484
2025-05-23 20:39:39.188896,Curve,4355.769537422369,517.737601367234,1612484,447064
2025-05-24 20:39:39.188896,Curve,4104.454078148472,388.07901260691256,1987722,390039
2025-05-25 20:39:39.188896,Curve,4158.607918214663,385.9998695846028,1844893,212603
2025-05-26 20:39:39.188896,Curve,3955.955519233368,330.9770193525294,1630996,723178
2025-05-27 20:39:39.188896,Curve,4410.834426049069,481.01998912597907,1974483,870179
2025-05-28 20:39:39.188896,Curve,4158.484825272909,514.3184409163719,1747837,621075
2025-05-29 20:39:39.188896,Curve,4166.12073479905,609.6629233560955,1191871,762078
2025-05-30 20:39:39.188896,Curve,4225.1065758988225,612.2465987725931,1019486,627970
2025-05-31 20:39:39.188896,Curve,4202.494898352823,570.0488380116577,2064390,396604
2025-06-01 20:39:39.188896,Curve,4587.888560939897,436.46557005096196,1827944,818988
2025-06-02 20:39:39.188896,Curve,4128.840897339898,524.8615477277092,463780,296784
2025-06-03 20:39:39.188896,Curve,4241.173488568149,467.7963749866279,1966378,758542
2025-06-04 20:39:39.188896,Curve,4132.188971763224,450.7254649778623,823704,689850
2025-06-05 20:39:39.188896,Curve,4173.91556540493,210.3780691498798,1728189,548667
2025-06-06 20:39:39.188896,Curve,4114.765483054488,352.62083229187544,1767450,477705
2025-06-07 20:39:39.188896,Curve,4205.859165990857,252.54495062966447,1898010,276769
2025-06-08 20:39:39.188896,Curve,4319.506104751582,286.3488125998678,1320369,331340
2025-06-09 20:39:39.188896,Curve,4048.441678499293,217.0113526396616,1685846,771888
2025-06-10 20:39:39.188896,Curve,4388.73511089648,528.6132233584002,2114610,663284
2025-06-11 20:39:39.188896,Curve,4310.5802649245625,224.17086401495777,1495444,220039
2025-06-12 20:39:39.188896,Curve,4426.024825684723,390.1554817292002,569448,547829
2025-06-13 20:39:39.188896,Curve,4461.706829987651,583.7400424619385,1994312,366413
2025-06-14 20:39:39.188896,Curve,4028.2289998537317,427.37209358037205,756275,731923
2025-06-15 20:39:39.188896,Curve,4156.879047867513,617.1699219748455,518483,432333
2025-06-16 20:39:39.188896,Curve,4256.905266525291,344.8362654798311,718105,802187
2025-06-17 20:39:39.188896,Curve,4153.853745383873,553.4592068576857,1025693,600041
2025-06-18 20:39:39.188896,Curve,4304.567070570117,579.8644215356317,1238206,287393
2025-06-19 20:39:39.188896,Curve,4011.2585686341263,367.94562584644603,1419378,403223
2025-06-20 20:39:39.188896,Curve,4200.026802821009,294.4831639010091,1846332,402905
2025-06-21 20:39:39.188896,Curve,4220.352686892532,374.54013337680715,1753990,766255
2025-06-22 20:39:39.188896,Curve,4032.287164807349,479.162763227026,1396528,681326
2025-06-23 20:39:39.188896,Curve,4317.40869959052,285.9247270476967,2022577,778510
2025-06-24 20:39:39.188896,Curve,4560.677893690319,631.926665117117,1042228,255482
2025-06-25 20:39:39.188896,Curve,4249.270341639273,214.5446074029419,706173,548492
2025-06-26 20:39:39.188896,Curve,4276.6840575577935,583.7893060399934,1372855,402333
2025-06-27 20:39:39.188896,Curve,3952.999959338782,251.89957369322073,726212,534301
2025-06-28 20:39:39.188896,Curve,4281.823740880086,630.9831946994775,1722447,561005
2025-06-29 20:39:39.188896,Curve,4135.151353778668,619.003604687284,1257186,407363
2025-06-30 20:39:39.188896,Curve,4487.847450233085,539.8679382969833,1158335,399701
2025-07-01 20:39:39.188896,Curve,4096.212064999386,499.23657715654696,1919934,258942
2025-07-02 20:39:39.188896,Curve,4262.888921559846,423.0751512449458,1013230,393747
2025-07-03 20:39:39.188896,Curve,4048.0096987501456,273.6449440542409,1439693,746838
2025-07-04 20:39:39.188896,Curve,4372.697585323675,370.1243053733521,666261,504503
2025-07-05 20:39:39.188896,Curve,4068.5714503470017,362.13205065692995,713342,286783
2025-07-06 20:39:39.188896,Curve,4183.792781480242,233.29899595164582,1619644,571482
2025-07-07 20:39:39.188896,Curve,3944.765857384565,547.902493091075,1650313,781172
2025-07-08 20:39:39.188896,Curve,4141.958762152938,603.0258517278486,1151991,726615
2025-07-09 20:39:39.188896,Curve,4184.5338121686045,559.994042433147,1454390,744362
2025-07-10 20:39:39.188896,Curve,4278.121340691534,566.4013478438333,942805,558143
2025-07-11 20:39:39.188896,Curve,4235.174594066186,239.7660740569091,1779383,652057
2025-07-12 20:39:39.188896,Curve,4137.164867310802,308.5231437075203,1376742,816591
2025-07-13 20:39:39.188896,Curve,4296.013788961031,576.852287460448,1327811,707521
2025-07-14 20:39:39.188896,Curve,3934.973387435542,533.4468469117984,1716728,640130
2025-07-15 20:39:39.188896,Curve,4213.932068865996,564.2457452736938,1478148,759207
2025-07-16 20:39:39.188896,Curve,4255.667439218184,382.49544615469364,549832,785404
2025-07-17 20:39:39.188896,Curve,3931.387365452179,239.07600821703804,1748998,754744
2025-07-18 20:39:39.188896,Curve,3889.0667609820607,342.1131137090014,1596756,651571
2025-07-19 20:39:39.188896,Curve,4274.530960534941,339.121327783346,560272,601937
2025-07-20 20:39:39.188896,Curve,4270.267350248781,412.10050593711935,861748,333524
2025-07-21 20:39:39.188896,Curve,4167.319106906865,518.5113628489142,522371,803314
2025-07-22 20:39:39.188896,Curve,4239.919404584613,217.438058568449,502934,577755
2025-07-23 20:39:39.188896,Curve,4127.32975350327,362.0969247273984,1429588,600495
2025-07-24 20:39:39.188896,Curve,4084.148407838559,412.59062571659547,1445915,739125
2025-07-25 20:39:39.188896,Curve,4249.432078736978,407.97822037636746,480299,803766
2025-07-26 20:39:39.188896,Curve,3937.8438510093783,440.1954704995714,1633556,307488
2025-07-27 20:39:39.188896,Curve,4089.1738244389417,371.2365847954169,994297,449436
2025-07-28 20:39:39.188896,Curve,3967.6838524177897,590.8877515233969,1124178,494590
2025-07-29 20:39:39.188896,Curve,4198.488267701181,555.3594788530726,884203,213180
2025-07-30 20:39:39.188896,Curve,3911.1426375679257,439.9663882487792,477456,411416
2025-07-31 20:39:39.188896,Curve,3949.267416962432,544.3196068077096,719222,200408
2025-08-01 20:39:39.188896,Curve,4008.7782082804893,449.40659375688773,1535331,284675
2025-08-02 20:39:39.188896,Curve,4113.949911291447,413.38677255325814,1555755,443059
2025-08-03 20:39:39.188896,Curve,3958.6507489826777,463.99590445757616,594530,746754
2025-08-04 20:39:39.188896,Curve,4384.202958716134,412.2406453092427,1200618,698294
2025-08-05 20:39:39.188896,Curve,3992.063258764454,218.53951739916135,753793,528644
2025-08-06 20:39:39.188896,Curve,4438.038084550369,281.0791413250355,1539882,876929
2025-08-07 20:39:39.188896,Curve,4070.6561082425364,239.69667224784192,645055,679773
2025-08-08 20:39:39.188896,Curve,3972.8828122987265,229.24820139968494,1147873,290579
2025-08-09 20:39:39.188896,Curve,3895.8874346229813,469.90213191032774,1737797,410877
2025-08-10 20:39:39.188896,Curve,3996.092289755374,448.23254331216333,1363778,678396
2025-08-11 20:39:39.188896,Curve,4037.4165004273186,486.13920460779525,502349,525013
2025-08-12 20:39:39.188896,Curve,4453.875689073398,623.1959198413487,1773046,414570
2025-08-13 20:39:39.188896,Curve,4212.2015575815585,257.56931236998923,2055846,351304
2025-08-14 20:39:39.188896,Curve,4057.4895153367406,600.6189992686611,943573,744371
2025-08-15 20:39:39.188896,Curve,3823.2872139091355,429.8787824488731,1448710,360348
2025-08-16 20:39:39.188896,Curve,4365.815359259268,282.84876468881197,1298635,311947
2025-08-17 20:39:39.188896,Curve,4243.929215247642,491.24127808617754,1394115,264787
2025-08-18 20:39:39.188896,Curve,4072.680515389983,319.40929931146275,1845996,523177
2025-08-19 20:39:39.188896,Curve,4236.1104639143305,435.0867914469747,1171278,636321
2025-08-20 20:39:39.188896,Curve,4093.3431988838997,224.72662536565008,1793102,747042
2025-08-21 20:39:39.188896,Curve,3983.374812552821,290.3046598591875,1366187,319957
2025-08-22 20:39:39.188896,Curve,4168.140439376932,475.89406140950433,1228267,267593
2025-08-23 20:39:39.188896,Curve,3902.3003414007635,289.42343244507606,1572163,728244
2025-08-24 20:39:39.188896,Curve,4081.838959096594,433.42880616276176,438465,353538
2025-08-25 20:39:39.188896,Curve,4429.147972831859,387.0597540881191,860986,471290
2025-08-26 20:39:39.188896,Curve,4143.996237647474,255.93074993301659,672882,272322
2025-08-27 20:39:39.188896,Curve,4298.917021068798,605.049100279868,774557,426812
2025-08-28 20:39:39.188896,Curve,4280.561514355682,510.0990558848901,1351682,567730
2025-08-29 20:39:39.188896,Curve,4022.8955384485143,298.930750806768,1412802,688419
2025-08-30 20:39:39.188896,Curve,4057.973769444487,330.24252612933856,489410,496995
2025-08-31 20:39:39.188896,Curve,4126.398296192322,207.00644727131456,1257704,331544
2025-09-01 20:39:39.188896,Curve,4020.841176357368,250.4752770327096,1090800,571426
2025-09-02 20:39:39.188896,Curve,4464.0082724945405,501.1649210041656,1766659,417035
2025-09-03 20:39:39.188896,Curve,4321.473742365208,460.484520651391,2054911,749000
2025-09-04 20:39:39.188896,Curve,4029.656653837426,521.5396148829418,950965,579775
2025-09-05 20:39:39.188896,Curve,4275.081099164816,345.09956070539033,1802055,472749
2025-09-06 20:39:39.188896,Curve,4448.129744828344,501.05646831133674,2081612,838732
2025-09-07 20:39:39.188896,Curve,4474.328915696223,311.38418905225745,1494013,782418
2025-09-08 20:39:39.188896,Curve,4482.725999198276,426.32605455294123,491210,745667
2025-09-09 20:39:39.188896,Curve,4251.605934623653,570.0692033073376,759802,249098
2025-09-10 20:39:39.188896,Curve,4369.173850523177,650.78594888671,713052,477920
2025-09-11 20:39:39.188896,Curve,4454.902636843406,553.624906311083,1536370,497792
2025-09-12 20:39:39.188896,Curve,4445.009654315381,515.1017996708806,1683669,222660
2025-09-13 20:39:39.188896,Curve,4411.606541763246,536.0072754776068,1615755,547629
2025-09-14 20:39:39.188896,Curve,4064.655720397523,301.83665035661255,413674,644571
2025-09-15 20:39:39.188896,Curve,4431.000883305584,303.1257059500999,1874732,502378
2025-09-16 20:39:39.188896,Curve,4199.182179285953,213.6759984171948,1007700,428829
2025-09-17 20:39:39.188896,Curve,4693.852957331892,606.5458905103084,711295,712469
2025-09-18 20:39:39.188896,Curve,4117.882771330697,563.7655099468471,1971095,440595
2025-09-19 20:39:39.188896,Curve,4419.0772957773415,533.7924741704878,556177,381818
2025-09-20 20:39:39.188896,Curve,4615.962297359376,619.522298358446,1370637,339868
2025-09-21 20:39:39.188896,Curve,4556.92664069896,329.78867842794654,2059774,303850
2025-09-22 20:39:39.188896,Curve,4388.383367039405,577.8660618397821,1559090,488739
2025-09-23 20:39:39.188896,Curve,4476.838431182011,546.7513245362081,1117664,605894
2025-09-24 20:39:39.188896,Curve,4429.894998382984,232.98053624443418,1521358,532036
2025-09-25 20:39:39.188896,Curve,4299.080501749978,463.24994032680223,733127,345244
2025-09-26 20:39:39.188896,Curve,4573.6833423580065,557.6655917972021,1265768,644307
2025-09-27 20:39:39.188896,Curve,4299.3627292577985,614.1787298278256,1083857,352984
2025-09-28 20:39:39.188896,Curve,4621.574421449269,348.5119696707807,837624,460453
2025-09-29 20:39:39.188896,Curve,4530.22224077877,599.8517272778959,1587062,431278
2025-09-30 20:39:39.188896,Curve,4914.857410842874,520.1411540145348,1948333,773262
2025-10-01 20:39:39.188896,Curve,4459.698595682079,656.8980991025181,1211117,810922
2025-04-05 20:39:39.188896,Lido,16071.884740847456,2006.551202002378,2889885,1849967
2025-04-06 20:39:39.188896,Lido,14649.935245893841,1381.2493260682888,3961121,2212591
2025-04-07 20:39:39.188896,Lido,16084.8228980584,1905.0522799517398,5802284,2741977
2025-04-08 20:39:39.188896,Lido,15760.56121544815,1542.9849491019788,5109724,2828496
2025-04-09 20:39:39.188896,Lido,15860.043983178177,1586.6606478576268,2677832,2704292
2025-04-10 20:39:39.188896,Lido,16103.526428743615,1009.8968524822716,3316537,1128440
2025-04-11 20:39:39.188896,Lido,15122.361950379467,1889.4647617079008,4747649,2133026
2025-04-12 20:39:39.188896,Lido,15499.779356162951,2088.5832669676734,5418933,2947176
2025-04-13 20:39:39.188896,Lido,16226.076041695684,1685.1536564991425,2715316,1973080
2025-04-14 20:39:39.188896,Lido,14986.775599937606,1190.1212787062398,1581221,1926924
2025-04-15 20:39:39.188896,Lido,15124.094831224822,1744.9543668733409,1590114,1646439
2025-04-16 20:39:39.188896,Lido,15563.656985112186,2166.510167594728,2261828,2671003
2025-04-17 20:39:39.188896,Lido,15573.301495211772,2093.594188666516,4735969,2118066
2025-04-18 20:39:39.188896,Lido,15348.465005401702,776.1424173670678,2146522,2669031
2025-04-19 20:39:39.188896,Lido,14703.018322032874,1457.719027471561,6504737,919043
2025-04-20 20:39:39.188896,Lido,15618.856185012297,1951.8465029473773,2230009,2599452
2025-04-21 20:39:39.188896,Lido,15740.351088466667,1798.8155562886748,4823126,2442790
2025-04-22 20:39:39.188896,Lido,16073.40299658417,1692.4109942567393,4918223,1070250
2025-04-23 20:39:39.188896,Lido,16528.503793611806,1629.126502525988,3758223,2749100
2025-04-24 20:39:39.188896,Lido,16456.175997023536,2133.1894742259956,5860056,3230103
2025-04-25 20:39:39.188896,Lido,16647.413796406054,1280.767432488672,7231521,3318686
2025-04-26 20:39:39.188896,Lido,17640.70871560033,1125.7895289679211,2856807,2586104
2025-04-27 20:39:39.188896,Lido,17114.334885557622,2485.9471033569216,7778025,1151972
2025-04-28 20:39:39.188896,Lido,18049.979367126278,1284.8501995776692,3443790,2583951
2025-04-29 20:39:39.188896,Lido,15862.166917814844,1622.8455584262247,1630000,1787257
2025-04-30 20:39:39.188896,Lido,15857.119407813101,2079.4372145303173,6361340,1223683
2025-05-01 20:39:39.188896,Lido,17601.76249344917,1074.2456822277445,8259163,2843520
2025-05-02 20:39:39.188896,Lido,17020.253792775296,1048.6128580454388,3045378,2236499
2025-05-03 20:39:39.188896,Lido,16627.87876195043,1122.581144640618,4011780,1078482
2025-05-04 20:39:39.188896,Lido,15714.540603464786,2239.3691741904017,6087190,913288
2025-05-05 20:39:39.188896,Lido,16614.38193041768,1063.4219562365088,6662396,2363411
2025-05-06 20:39:39.188896,Lido,16917.2247803994,2301.933441727325,8041241,3183574
2025-05-07 20:39:39.188896,Lido,16572.189586443947,1249.6365703931822,4499308,974381
2025-05-08 20:39:39.188896,Lido,17462.793669242703,2618.4316000090075,6007081,1936685
2025-05-09 20:39:39.188896,Lido,15842.307177045119,2174.6965155178405,3701032,896556
2025-05-10 20:39:39.188896,Lido,18071.167258510435,1341.3411006391993,2344779,2421964
2025-05-11 20:39:39.188896,Lido,17436.888070164176,1206.3884759171594,4709424,1289797
2025-05-12 20:39:39.188896,Lido,17349.785111423487,1806.5036656112047,3541398,1327333
2025-05-13 20:39:39.188896,Lido,18325.4276638393,2385.732864218688,8795118,2826858
2025-05-14 20:39:39.188896,Lido,16845.616431160124,2064.8126096253154,3923764,3095319
2025-05-15 20:39:39.188896,Lido,18057.876031157524,1047.1192950520146,4546656,3119647
2025-05-16 20:39:39.188896,Lido,16806.192790040743,1337.4571774534504,3049962,2809589
2025-05-17 20:39:39.188896,Lido,18653.46945072499,2181.896006051383,4275620,2618147
2025-05-18 20:39:39.188896,Lido,19006.75664582423,1012.2107699647817,5546493,3448883
2025-05-19 20:39:39.188896,Lido,18637.32416044068,2548.792817485572,8239985,3667607
2025-05-20 20:39:39.188896,Lido,18068.205970661922,975.7391333542796,6079928,2248021
2025-05-21 20:39:39.188896,Lido,17535.40750640959,1503.8353539914672,5420600,2841455
2025-05-22 20:39:39.188896,Lido,17265.493185374296,1586.44292648882,5829570,2231006
2025-05-23 20:39:39.188896,Lido,18091.504301218974,1587.4513809937662,6555650,997752
2025-05-24 20:39:39.188896,Lido,18339.194511435213,2022.6350705368245,2117861,2842929
2025-05-25 20:39:39.188896,Lido,18487.83318112224,935.5958776074739,8595023,2786982
2025-05-26 20:39:39.188896,Lido,18373.718538847537,2642.9087128168653,6167267,1068045
2025-05-27 20:39:39.188896,Lido,17779.03990724101,1505.6744333419745,2370968,2713554
2025-05-28 20:39:39.188896,Lido,19209.584558158323,2677.752844406475,6285472,2812468
2025-05-29 20:39:39.188896,Lido,18800.379239263453,2068.3118859986294,3140126,2169639
2025-05-30 20:39:39.188896,Lido,18149.39251979965,2616.020895713122,5197631,3138264
2025-05-31 20:39:39.188896,Lido,18479.67619909256,1446.019980395505,3827403,2833504
2025-06-01 20:39:39.188896,Lido,18654.441266144942,1806.7903480224284,4320754,2279090
2025-06-02 20:39:39.188896,Lido,18520.457374014117,2305.4021207932706,5058190,3446391
2025-06-03 20:39:39.188896,Lido,17438.2502553709,2187.2191495605616,2271337,3309342
2025-06-04 20:39:39.188896,Lido,19255.858405984065,1691.2025971619087,5677415,1613809
2025-06-05 20:39:39.188896,Lido,18336.87472968523,971.4707797089652,2316850,2320798
2025-06-06 20:39:39.188896,Lido,18207.176474925174,1864.1972905044609,8441246,3292811
2025-06-07 20:39:39.188896,Lido,17703.656871148658,1675.2230079414928,4116681,1255355
2025-06-08 20:39:39.188896,Lido,17680.498581542077,1065.2367280162466,5910722,1261815
2025-06-09 20:39:39.188896,Lido,17470.06325716521,2535.5151597953545,4432616,1410005
2025-06-10 20:39:39.188896,Lido,18504.043270627604,1411.2415945538107,6076415,3143227
2025-06-11 20:39:39.188896,Lido,17619.90517309051,2289.055287215077,4853193,2641390
2025-06-12 20:39:39.188896,Lido,18885.0255566811,2793.0250460566785,6238632,1823997
2025-06-13 20:39:39.188896,Lido,18597.554042065192,1354.9382881924569,4504449,2241194
2025-06-14 20:39:39.188896,Lido,17962.829259516904,1357.4019838852014,8625624,986164
2025-06-15 20:39:39.188896,Lido,19219.336289142004,2699.141790021483,8981597,3222733
2025-06-16 20:39:39.188896,Lido,18202.99871637315,1806.4034810709525,2423889,2316222
2025-06-17 20:39:39.188896,Lido,18929.104292278345,2776.7055717886415,8180390,2322004
2025-06-18 20:39:39.188896,Lido,17623.952177205527,2225.4299803895838,4973319,1556734
2025-06-19 20:39:39.188896,Lido,19449.182481064516,1101.155837144754,7412951,1497069
2025-06-20 20:39:39.188896,Lido,18654.508617690808,1110.7082701846286,5635572,2703147
2025-06-21 20:39:39.188896,Lido,19185.40302207887,1425.2540354475273,7677965,1884393
2025-06-22 20:39:39.188896,Lido,18491.487140795038,2169.3466985923774,4400533,1962387
2025-06-23 20:39:39.188896,Lido,17839.09419036855,1598.585599129841,6787379,3456941
2025-06-24 20:39:39.188896,Lido,17666.61554915037,1090.0259013012094,6812375,3236010
2025-06-25 20:39:39.188896,Lido,17830.598788533334,1886.6169346006618,8677852,2147323
2025-06-26 20:39:39.188896,Lido,18669.461223147155,2000.1197537396436,3766602,3234076
2025-06-27 20:39:39.188896,Lido,17504.51201391901,1410.214850708009,2877569,2346003
2025-06-28 20:39:39.188896,Lido,18154.882966914858,1618.3441236758588,7781170,1828356
2025-06-29 20:39:39.188896,Lido,17728.922590655835,1464.484911382739,3862522,1341225
2025-06-30 20:39:39.188896,Lido,19384.995033713636,1955.6439350646563,9105536,996485
2025-07-01 20:39:39.188896,Lido,19179.7259072162,1517.7572210811175,7799009,1775105
2025-07-02 20:39:39.188896,Lido,18588.882342954923,1369.312872403683,6418868,1249415
2025-07-03 20:39:39.188896,Lido,17293.728635176565,2006.055458556669,6566731,2272685
2025-07-04 20:39:39.188896,Lido,17894.960982193516,1642.9265799986458,6179803,1155755
2025-07-05 20:39:39.188896,Lido,18906.055421800338,2394.6056313321296,8481919,2316899
2025-07-06 20:39:39.188896,Lido,17838.796502106194,1993.076386325093,3927855,1067470
2025-07-07 20:39:39.188896,Lido,17109.840042897966,1550.1557726441736,2584416,2402272
2025-07-08 20:39:39.188896,Lido,17181.896804332475,1569.4853956437294,3781757,2704776
2025-07-09 20:39:39.188896,Lido,17566.977421734246,1058.15825007871,4814103,1333564
2025-07-10 20:39:39.188896,Lido,17079.850022539584,1651.7021808062364,6333030,3061865
2025-07-11 20:39:39.188896,Lido,17352.662653280437,2576.6337689709835,2430832,1520922
2025-07-12 20:39:39.188896,Lido,17118.554683730763,1223.461159674746,4251281,3188846
2025-07-13 20:39:39.188896,Lido,17067.821959164252,1947.5043105229502,6682237,2146160
2025-07-14 20:39:39.188896,Lido,17692.860541075217,898.1990307757156,1963965,2859796
2025-07-15 20:39:39.188896,Lido,15960.707680716425,978.6706960132313,6425140,1236448
2025-07-16 20:39:39.188896,Lido,16690.336340544844,1535.8189628906437,6588735,2883179
2025-07-17 20:39:39.188896,Lido,19805.23318016922,2141.8466806755496,7868219,3751993
2025-07-18 20:39:39.188896,Lido,18781.294260364404,1058.3999244025251,5652766,2499715
2025-07-19 20:39:39.188896,Lido,17237.24560310226,1039.8841181883292,8257765,2395789
2025-07-20 20:39:39.188896,Lido,17779.98314605774,1646.579474235781,5628200,1574808
2025-07-21 20:39:39.188896,Lido,17623.802284945417,1754.3516088313054,3253557,3053413
2025-07-22 20:39:39.188896,Lido,17173.178824935814,976.3048990316078,7007171,2774984
2025-07-23 20:39:39.188896,Lido,17454.172717504487,2442.5024946573767,5954981,1267468
2025-07-24 20:39:39.188896,Lido,18233.7945534079,1390.9050360234846,7633112,3078425
2025-07-25 20:39:39.188896,Lido,18518.55695602562,2734.138169945364,5046666,2998306
2025-07-26 20:39:39.188896,Lido,17569.909428606818,2515.125550312206,2760575,1926126
2025-07-27 20:39:39.188896,Lido,18396.463440450327,2180.1266701969976,2871335,2025484
2025-07-28 20:39:39.188896,Lido,16976.465483531334,1238.989767220228,7742782,1930535
2025-07-29 20:39:39.188896,Lido,17262.279805576152,1525.9576721695182,4284390,982194
2025-07-30 20:39:39.188896,Lido,16010.665662438945,1388.2049168659023,7795075,3173761
2025-07-31 20:39:39.188896,Lido,17645.28974566761,1389.3453202390324,4693345,1296361
2025-08-01 20:39:39.188896,Lido,18485.29507341239,1782.3226150593598,6084795,3512578
2025-08-02 20:39:39.188896,Lido,18540.456627136162,1199.4186483927062,8220263,2977509
2025-08-03 20:39:39.188896,Lido,17831.72496617645,1905.4217475991156,7380476,3275284
2025-08-04 20:39:39.188896,Lido,16571.520040276824,1549.1823271497954,5463906,2777678
2025-08-05 20:39:39.188896,Lido,16802.41690320235,1419.4077333730163,8058396,1294095
2025-08-06 20:39:39.188896,Lido,17325.86626431275,2417.5917841884325,3599947,2802094
2025-08-07 20:39:39.188896,Lido,17431.912830124387,1947.3431820530468,7816030,1399354
2025-08-08 20:39:39.188896,Lido,17401.893070305352,1673.1699103302317,3298811,2886653
2025-08-09 20:39:39.188896,Lido,17782.112009802222,1113.9869350077392,5548615,3522568
2025-08-10 20:39:39.188896,Lido,16457.598316295684,1464.7110025531701,7124182,1132859
2025-08-11 20:39:39.188896,Lido,16923.00091396889,1092.5866187436948,5475071,3013098
2025-08-12 20:39:39.188896,Lido,18080.82442195264,1090.6261419475584,7530660,3202009
2025-08-13 20:39:39.188896,Lido,17478.588724049794,964.8868163515134,6348910,2115337
2025-08-14 20:39:39.188896,Lido,18327.04509912618,2145.9411353394908,8868160,2467994
2025-08-15 20:39:39.188896,Lido,17643.760686589583,1826.0324547599228,3255412,3452222
2025-08-16 20:39:39.188896,Lido,18435.045560265164,1085.344675339495,8559355,3171214
2025-08-17 20:39:39.188896,Lido,15688.875825629859,1396.7065249090367,5642082,1638776
2025-08-18 20:39:39.188896,Lido,16124.797742666824,1196.078249346254,3104989,2702661
2025-08-19 20:39:39.188896,Lido,15818.198972466755,1491.1729598451743,1846462,2234368
2025-08-20 20:39:39.188896,Lido,17109.839927078505,1394.2201873962158,4476165,871617
2025-08-21 20:39:39.188896,Lido,17222.511410292045,2276.4708622185017,2434244,2916471
2025-08-22 20:39:39.188896,Lido,17841.885619029475,1031.865827182986,2703557,2923922
2025-08-23 20:39:39.188896,Lido,18203.730098929384,2266.7524398919513,8391727,1128227
2025-08-24 20:39:39.188896,Lido,17001.985939190246,1485.7738669068676,1861021,3067767
2025-08-25 20:39:39.188896,Lido,18531.331798297742,2736.78008335834,3848836,2313396
2025-08-26 20:39:39.188896,Lido,19489.97859070377,2079.4913790570113,5612707,2243785
2025-08-27 20:39:39.188896,Lido,18928.556294133974,1000.6778741103034,7727388,3782778
2025-08-28 20:39:39.188896,Lido,17256.99265097016,2078.657147374898,7791552,2549149
2025-08-29 20:39:39.188896,Lido,18580.400238363833,1234.8863062903424,5241087,1380371
2025-08-30 20:39:39.188896,Lido,17580.912102525384,1590.0192503833634,6549728,2932759
2025-08-31 20:39:39.188896,Lido,19242.743812640347,2817.7187733828086,6412055,3532121
2025-09-01 20:39:39.188896,Lido,18151.98039910048,1705.100156213989,8398586,2007090
2025-09-02 20:39:39.188896,Lido,17325.403451384518,1577.1636612706488,7104496,3105744
2025-09-03 20:39:39.188896,Lido,17678.96152053957,1864.0787226642442,8744210,2287468
2025-09-04 20:39:39.188896,Lido,17260.814154684787,1214.7441864902462,6523180,1499745
2025-09-05 20:39:39.188896,Lido,17736.4140537986,2310.180384698189,5827291,3511905
2025-09-06 20:39:39.188896,Lido,18646.50986089446,2520.5387768173437,4941559,1921879
2025-09-07 20:39:39.188896,Lido,18504.33336190021,1102.206316919249,2252102,1232738
2025-09-08 20:39:39.188896,Lido,17895.629986398533,2369.524664120624,6718156,1702838
2025-09-09 20:39:39.188896,Lido,18306.83418842058,2600.3651811659365,5301994,3369206
2025-09-10 20:39:39.188896,Lido,16898.62676644975,2052.965005720474,6400681,2604053
2025-09-11 20:39:39.188896,Lido,17968.015874125238,1492.0580272453365,6590674,2439109
2025-09-12 20:39:39.188896,Lido,18034.600707775782,1321.3227963174352,4582809,3322605
2025-09-13 20:39:39.188896,Lido,17615.510055246017,1655.1071524479246,2546127,1190297
2025-09-14 20:39:39.188896,Lido,18127.146843800285,2210.812162375003,6796301,1673801
2025-09-15 20:39:39.188896,Lido,18798.744400027277,2009.087237910825,3815526,2613447
2025-09-16 20:39:39.188896,Lido,17972.675202886487,1939.7601606840908,4736372,2116704
2025-09-17 20:39:39.188896,Lido,17622.84617795048,1471.2509180358838,3648473,2640827
2025-09-18 20:39:39.188896,Lido,20922.07942788951,1468.9790897327375,8045872,1907441
2025-09-19 20:39:39.188896,Lido,18674.933803284464,1804.6754778220406,3924371,1360253
2025-09-20 20:39:39.188896,Lido,18031.66526508932,2383.025879945326,5096846,2424591
2025-09-21 20:39:39.188896,Lido,18011.198531251895,1840.0278437478119,6128423,2504418
2025-09-22 20:39:39.188896,Lido,19203.720402242845,2114.2209229621876,2767331,2000308
2025-09-23 20:39:39.188896,Lido,19431.800662068934,1663.9477920513114,5231821,2468282
2025-09-24 20:39:39.188896,Lido,18900.44767081035,2083.8399855695275,5049811,1935520
2025-09-25 20:39:39.188896,Lido,18698.91323814631,2744.8025029326586,2078508,1155567
2025-09-26 20:39:39.188896,Lido,19059.282132848533,2619.7747129809295,4708714,1472854
2025-09-27 20:39:39.188896,Lido,20013.559090758597,2773.1359133353176,2766169,3276932
2025-09-28 20:39:39.188896,Lido,19935.25476647242,1795.056898472787,4493850,3258697
2025-09-29 20:39:39.188896,Lido,19944.42177606039,1349.8638157251294,3594507,2078685
2025-09-30 20:39:39.188896,Lido,19349.229897933154,2891.436830538647,3370854,3661428
2025-10-01 20:39:39.188896,Lido,18972.56715762692,2735.0026064029244,6641581,3632342
